Platform,Type,Owned,ForSale,Wishlist,Title,Publisher,Developer,DateAdded,Ownership,PriceLoose,PriceCIB,PriceNew,YourPrice,PricePaid,ItemCondition,BoxCondition,ManualCondition,Beat,PlayedCompletion,Notes
"PC","VideoGame",1,0,0,"FIFA 12","Electronic Arts","Electronic Arts","11/16/2021","CIB","-1.0", "-1.0", "-1.0", "-1.0","-1.0",6,6,6,Yes,100%,""
"PC","VideoGame",1,0,0,"StarCraft II: Legacy of the Void","Blizzard Entertainment","Blizzard","11/16/2021","CIB","36,61","50,13","69,92","50,13","-1.0",6,6,6,Yes,100%,""
"PSP","VideoGame",1,0,0,"Class of Heroes","Atlus Co., Ltd.","Zerodiv","02/27/2023","Sealed","75,9","103,8","178,18","178,18","300",?,10,?,No, 0%,""
"PSP","VideoGame",1,0,0,"Crisis Core: Final Fantasy VII","Square Enix","Square Enix","11/16/2021","Sealed","78,38","93,16","458,23","458,23","102",?,10,?,No, 0%,""
"PSP","VideoGame",1,0,0,"Digimon Adventure","Bandai Namco Entertainment","Prope","11/16/2021","CIB","-1.0", "-1.0", "-1.0", "-1.0","193",10,10,10,Yes,75%,""
"PSP","VideoGame",1,0,0,"Digimon World Re:Digitize","Bandai Namco Entertainment","Tri-crescendo","11/16/2021","Sealed","75,7","86,03","172,15","172,15","106",?,10,?,Yes,64%,""
"PSP","VideoGame",1,0,0,"Disgaea 2: Dark Hero Days","Nippon Ichi Software Inc.","NIS","03/22/2023","CIB","103,19","167,6","275,24","167,6","176,25",9,9,9,No, 0%,""
"PSP","VideoGame",1,0,0,"Dissidia 012: Duodecim Final Fantasy","Square Enix","Square Enix","11/16/2021","Sealed","75,9","85,57","170,63","170,63","95",?,10,?,No, 0%,""
"PSP","VideoGame",1,0,0,"Dragon Ball Z: Shin Budokai","Bandai Co., Ltd.","Dimps Corporation","01/12/2022","Sealed","-1.0", "-1.0", "-1.0", "-1.0","63",8,8,8,No, 0%,""
"PSP","VideoGame",1,0,0,"Dungeon Siege: Throne of Agony","Take-Two Interactive Software, Inc.","SuperVillain Studios","01/12/2022","CIB","28,66","38,03","88,46","38,03","28",10,10,10,No, 0%,""
"PSP","VideoGame",1,0,0,"Field Commander","Sony Online Entertainment","Sony Online Entertainment","09/19/2022","Sealed","30,33","38,89","101,01","101,01","90",?,10,?,No, 0%,""
"PSP","VideoGame",1,0,0,"Final Fantasy","Square Enix","Tose Co., Ltd.","02/02/2022","Sealed","74,84","101,22","229,22","229,22","175",?,10,?,No, 0%,""
"PSP","VideoGame",1,0,0,"Final Fantasy II","Square Enix","Tose Co., Ltd.","08/16/2022","Sealed","81,72","120,76","163,04","163,04","230",?,10,?,No, 0%,""
"PSP","VideoGame",1,0,0,"Final Fantasy IV: The Complete Collection","Square Enix","Square Enix","11/16/2021","Sealed","141,22","187,34","246,73","246,73","80",?,?,?,No, 0%,""
"PSP","VideoGame",1,0,0,"Final Fantasy Tactics: The War of the Lions [Greatest Hits]","null","Square Enix","11/16/2021","Sealed","75,9","101,11","202,48","202,48","60",?,10,?,No, 0%,""
"PSP","VideoGame",1,0,0,"Ghostbusters: The Video Game","Sony Computer Entertainment","Red Fly Studio","11/16/2021","Sealed","61,82","72,15","118,23","118,23","20",?,10,?,No, 0%,""
"PSP","VideoGame",1,0,0,"God of War: Chains of Olympus","Sony Computer Entertainment","Ready at Dawn","11/16/2021","Loose","106,43","128,35","227,85","106,43","21",8,?,?,Yes,67%,""
"PSP","VideoGame",1,0,0,"God of War: Ghost of Sparta","Sony Computer Entertainment","Ready at Dawn","11/16/2021","Loose","193,77","295,65","532,41","193,77","21",8,?,?,No, 0%,""
"PSP","VideoGame",1,0,0,"Grand Theft Auto: Liberty City Stories","Rockstar Games","Rockstar Leeds","07/27/2022","Boxed","81,72","122,68","258,73","110,73","62",9,8,?,No, 0%,""
"PSP","VideoGame",1,0,0,"Grand Theft Auto: Vice City Stories","Rockstar Games","Rockstar Leeds","07/27/2022","CIB","126,53","173,57","278,84","173,57","62",9,8,8,No, 0%,""
"PSP","VideoGame",1,0,0,"Gundam Battle Royale","Bandai Co., Ltd.","BEC Co., Ltd.","11/16/2021","CIB","65,82","69,82","98,73","69,82","30",8,6,8,No, 0%,""
"PSP","VideoGame",1,0,0,"Half-Minute Hero","XSEED Games","Opus Studio","09/19/2022","Sealed","80,61","104,25","133,42","133,42","120",?,10,?,No, 0%,""
"PSP","VideoGame",1,0,0,"Kingdom Hearts: Birth by Sleep","Square Enix","Square Enix","01/28/2022","CIB","62,03","88,71","164,41","88,71","100",8,8,10,No, 0%,""
"PSP","VideoGame",1,0,0,"Kingdom of Paradise","Sony","Climax Entertainment","12/30/2022","Sealed","23,39","39,14","88,56","88,56","78",?,10,?,No, 0%,""
"PSP","VideoGame",1,0,0,"Manhunt 2","Rockstar Games","Rockstar London","01/26/2022","Sealed","176,66","221,06","478,48","478,48","129",?,9,?,No, 0%,""
"PSP","VideoGame",1,0,0,"Metal Gear Solid: Peace Walker","Konami","Kojima Productions (Konami)","11/16/2021","Sealed","119,95","157,98","202,48","202,48","49",?,10,?,No, 0%,""
"PSP","VideoGame",1,0,0,"Midnight Club: LA Remix","Rockstar Games","Rockstar London","02/15/2023","Sealed","91,09","113,82","236,15","236,15","160",?,10,?,No, 0%,""
"PSP","VideoGame",1,0,0,"Phantasy Star Portable","Sega","Alfa System","05/25/2022","Boxed","81,06","114,18","171,34","116,46","130",9,8,?,Yes,61%,""
"PSP","VideoGame",1,0,0,"PixelJunk Monsters Deluxe","Sony","Q-Games","01/12/2022","Sealed","19,49","29,32","40,46","40,46","48",?,10,?,No, 0%,""
"PSP","VideoGame",1,0,0,"Resistance: Retribution","Sony","Sony","07/14/2022","CIB","53,16","63,39","120","63,39","-1.0",9,9,9,Yes,75%,""
"PSP","VideoGame",1,0,0,"Riviera: The Promised Land","Atlus Co., Ltd.","Sting Entertainment","02/27/2023","Sealed","151,39","172,2","250,08","250,08","300",?,10,?,No, 0%,""
"PSP","VideoGame",1,0,0,"Sid Meier's Pirates!","2K Games","Full Fat Games","12/07/2021","Sealed","40,05","57,27","108,1","108,1","42",?,10,?,No, 0%,""
"PSP","VideoGame",1,0,0,"Star Ocean: First Departure","Square Enix","tri-Ace","01/28/2022","CIB","64,51","118,68","305,67","118,68","220",6,10,10,Yes,81%,""
"PSP","VideoGame",1,0,0,"Star Ocean: Second Evolution","Square Enix","tri-Ace","01/28/2022","CIB","158,08","265,77","435,75","265,77","220",8,8,10,Yes,75%,""
"PSP","VideoGame",1,0,0,"Super Robot Wars MX Portable","Banpresto Co., Ltd.","Banpresto Co., Ltd.","11/16/2021","CIB","-1.0", "-1.0", "-1.0", "-1.0","30",8,6,8,No, 0%,""
"PSP","VideoGame",1,0,0,"Syphon Filter: Dark Mirror [Greatest Hits]","Sony","Sony Bend","11/16/2021","Sealed","20,61","22,28","46,78","46,78","39",?,?,?,No, 0%,""
"PSP","VideoGame",1,0,0,"Syphon Filter: Logan's Shadow","Sony Computer Entertainment America","Sony Bend","11/16/2021","Sealed","29,72","37,11","50,84","50,84","20",?,?,?,No, 0%,""
"PSP","VideoGame",1,0,0,"Tactics Ogre: Let Us Cling Together","Square Enix","Square Enix","11/16/2021","Sealed","109,62","143,44","227,85","227,85","76",?,10,?,No, 0%,""
"PSP","VideoGame",1,0,0,"Tales of the World: Radiant Mythology","Bandai Namco Entertainment","Namco Tales Studio","07/26/2022","CIB","97,37","151,9","260,91","151,9","150",9,9,9,No, 0%,""
"PSP","VideoGame",1,0,0,"The Warriors","Rockstar Games","Rockstar Toronto","11/16/2021","Sealed","159,19","260,41","304,91","304,91","159",?,10,?,No, 0%,""
"PSP","VideoGame",1,0,0,"Twisted Metal: Head-On","Sony Computer Entertainment","Incognito Entertainment","11/16/2021","Sealed","44,66","61,87","121,52","121,52","39",?,?,?,No, 0%,""
"PSP","VideoGame",1,0,0,"Valkyria Chronicles II","Sega","Sega","07/20/2022","CIB","145,67","181,98","278,48","181,98","177",9,9,9,No, 0%,""
"PSP","VideoGame",1,0,0,"Valkyrie Profile: Lenneth","Square Enix","Tose Co., Ltd.","01/28/2022","CIB","116,35","180,15","582,03","180,15","220",8,8,10,No, 0%,""
"PSP","VideoGame",1,0,0,"Warhammer 40,000: Squad Command","THQ","Redlynx Ltd","01/12/2022","CIB","40,25","53,37","95,49","53,37","46",8,8,8,No, 0%,""
"PSP","VideoGame",1,0,0,"Wipeout Pure","Sony","Sony","01/12/2022","CIB","21,82","24,1","47,6","24,1","36",10,10,10,No,34%,""
"PSP","VideoGame",1,0,0,"Yggdra Union: We'll Never Fight Alone","Atlus Co., Ltd.","Sting Entertainment","04/14/2022","Loose","116,05","184,3","284,51","116,05","49",6,?,?,No, 0%,""
"PSP","VideoGame",1,0,0,"Z.H.P. Unlosing Ranger vs Darkdeath Evilman","NIS America, Inc.","NIS","01/12/2023","CIB","236,25","258,73","562,18","258,73","166",9,9,9,No, 0%,""
"NDS","VideoGame",1,0,0,"007 Goldeneye","Activision","n-Space, Inc","05/04/2022","Sealed","86,79","121,62","278,48","278,48","104",?,10,?,No, 0%,""
"NDS","VideoGame",1,0,0,"Advance Wars: Dual Strike","Nintendo","Intelligent Systems Co., Ltd.","11/16/2021","Loose","169,57","233,47","664,66","169,57","103",10,?,?,No, 0%,""
"NDS","VideoGame",1,0,0,"Call of Duty: Modern Warfare - Mobilized","Activision","n-Space, Inc","01/19/2023","Sealed","45,22","53,06","126,53","126,53","62",?,9,?,No, 0%,""
"NDS","VideoGame",1,0,0,"Call of Duty: Modern Warfare 3 - Defiance","Activision","n-Space, Inc","01/19/2023","Sealed","59,39","63,54","148,76","148,76","62",?,9,?,No, 0%,""
"NDS","VideoGame",1,0,0,"Dawn of Discovery","Ubisoft Entertainment","Related Designs","11/16/2021","Sealed","21,57","72,2","99,54","99,54","67",?,10,?,No, 0%,""
"NDS","VideoGame",1,0,0,"Digimon World Championship","Bandai Co., Ltd.","Bandai Co., Ltd.","11/16/2021","Loose","126,23","159,49","303,8","126,23","40",8,?,?,Yes,69%,""
"NDS","VideoGame",1,0,0,"Digimon World DS","Bandai Namco Entertainment","Bandai Namco Entertainment","11/16/2021","Loose","231,34","494,84","941,77","231,34","40",10,?,?,No, 0%,""
"NDS","VideoGame",1,0,0,"Digimon World: Dawn","Bandai Namco Entertainment","Bandai Namco Entertainment","11/16/2021","Loose","200,35","548,76","1.043,04","200,35","40",10,?,?,No, 0%,""
"NDS","VideoGame",1,0,0,"Digimon World: Dusk","Bandai Namco Entertainment","Bandai Namco Entertainment","11/16/2021","Loose","201,11","406,84","774,69","201,11","40",10,?,?,No, 0%,""
"NDS","VideoGame",1,0,0,"Dragon Ball Z: Attack of the Saiyans","Bandai Namco of America","Monolith Software, Inc.","07/28/2022","CIB","210,13","546,68","1.037,98","546,68","300",8,8,8,No, 0%,""
"NDS","VideoGame",1,0,0,"Dragon Ball: Origins","Atari SA","Game Republic","07/28/2022","Boxed","127,6","213,67","374,23","186,33","200",8,8,?,No, 0%,""
"NDS","VideoGame",1,0,0,"Final Fantasy XII: Revenant Wings","Square Enix","Square Enix","02/06/2023","Sealed","90,48","151,85","215,19","215,19","155",?,10,?,No, 0%,""
"NDS","VideoGame",1,0,0,"Glory of Heracles","Nintendo","Paon Corporation","07/28/2022","Boxed","58,63","110,08","160,46","84,51","100",8,8,?,No, 0%,""
"NDS","VideoGame",1,0,0,"Golden Sun: Dark Dawn","Nintendo","Camelot Software Planning","07/28/2022","Boxed","115,44","190,68","245,42","178,18","200",8,8,?,No, 0%,""
"NDS","VideoGame",1,0,0,"Heroes of Mana","Squaresoft","Brownie Brown","09/17/2022","Sealed","73,72","79,85","145,52","145,52","120",?,10,?,No, 0%,""
"NDS","VideoGame",1,0,0,"Kingdom Hearts 358/2 Days","Squaresoft","Hand","11/16/2021","Loose","138,33","187,29","514,28","138,33","112",8,?,?,No, 0%,""
"NDS","VideoGame",1,0,0,"Kingdom Hearts Re:Coded","Square Enix","Square Enix","11/16/2021","Loose","86,89","124,66","240,46","86,89","56",8,?,?,No, 0%,""
"NDS","VideoGame",1,0,0,"Lufia: Curse of the Sinistrals","Natsume","Neverland","07/28/2022","CIB","258,23","310,99","460,41","310,99","350",8,8,8,No, 0%,""
"NDS","VideoGame",1,0,0,"Metroid Prime: Hunters","Nintendo","Nintendo Software Technology","11/16/2021","CIB","148,91","223,85","1.068,36","223,85","-1.0",8,8,8,No, 0%,""
"NDS","VideoGame",1,0,0,"Monster Rancher DS","UFO Interactive Games, Inc.","CING, Inc.","11/16/2021","CIB","202,48","268,56","468,1","268,56","113",8,8,8,Yes,75%,""
"NDS","VideoGame",1,0,0,"Ninjatown","SouthPeak Interactive, LLC","Venan Entertainment","04/22/2022","Sealed","50,48","82,18","140,51","140,51","105",?,10,?,No, 0%,""
"NDS","VideoGame",1,0,0,"Pokémon Platinum Version","Nintendo","Game Freak","11/16/2021","Boxed","430,38","735,7","1.751,19","557,93","-1.0",8,8,?,Yes,67%,""
"NDS","VideoGame",1,0,0,"Pokémon White Version 2","Nintendo","Game Freak","11/16/2021","CIB","810,13","921,88","1.518,99","921,88","130",10,10,10,Yes,75%,""
"NDS","VideoGame",1,0,0,"Rabbids Go Home","Ubisoft Entertainment","Ubisoft Montpellier","07/09/2022","Sealed","28,71","38,78","90,84","90,84","49",?,10,?,No, 0%,""
"NDS","VideoGame",1,0,0,"Super Mario 64 DS","Nintendo","Nintendo","11/16/2021","Loose","88,46","134,23","208,86","88,46","46",8,?,?,No, 0%,""
"NDS","VideoGame",1,0,0,"The Chronicles of Narnia: Prince Caspian","Disney Interactive","Fall Line Studios","01/26/2022","Sealed","30,68","31,85","56,35","56,35","50",?,10,?,No, 0%,""
"NDS","VideoGame",1,0,0,"The Legend of Zelda: Phantom Hourglass","Nintendo","Nintendo EAD","11/16/2021","CIB","154,43","267,34","453,06","267,34","160",4,10,10,Yes,68%,""
"NDS","VideoGame",1,0,0,"The Legend of Zelda: Spirit Tracks","Nintendo","Nintendo","11/16/2021","Loose","379,65","481,01","775,85","379,65","150",8,?,?,Yes,68%,""
"NDS","VideoGame",1,0,0,"Tom Clancy's EndWar","Ubisoft Entertainment","Ubisoft Shanghai","04/25/2022","CIB","27,85","29,22","61,67","29,22","35,48",8,8,9,No, 0%,""
"NDS","VideoGame",1,0,0,"Trauma Center: Under the Knife","Atlus Co., Ltd.","Atlus Co., Ltd.","10/17/2022","Sealed","67,6","127,29","190,43","190,43","155",?,10,?,No, 0%,""
"NDS","VideoGame",1,0,0,"Valkyrie Profile: Covenant of the Plume","Square Enix","tri-Ace","11/16/2021","Sealed","107,54","120,61","177,22","177,22","184",?,10,?,No, 0%,""
"3DS","VideoGame",1,0,0,"7th Dragon III Code: VFD Launch Edition","null","null","11/16/2021","Sealed","293,67","400,2","430,33","430,33","170",?,10,?,No, 0%,""
"3DS","VideoGame",1,0,0,"Animal Crossing: New Leaf","Nintendo","Nintendo EAD","11/16/2021","CIB","80,51","94,23","126,53","94,23","-1.0",8,8,8,No, 0%,""
"3DS","VideoGame",1,0,0,"Azure Striker Gunvolt: Striker Pack","Yacht Club Games","Inti Creates","03/31/2023","CIB","155,29","206,58","235,09","206,58","138",9,9,9,No, 0%,""
"3DS","VideoGame",1,0,0,"Bravely Default","Nintendo","Silicon Studio","11/16/2021","CIB","188,61","227,39","367,04","227,39","-1.0",8,8,8,No, 0%,""
"3DS","VideoGame",1,0,0,"Bravely Second: End Layer","Nintendo","Silicon Studio","11/16/2021","Sealed","172,76","222,18","227,04","227,04","55",?,10,?,No, 0%,""
"3DS","VideoGame",1,0,0,"Castlevania: Lords of Shadow - Mirror of Fate","Konami","Mercury Steam Entertainment S.L.","10/17/2022","Sealed","146,79","172,66","202,48","202,48","175",?,10,?,No, 0%,""
"3DS","VideoGame",1,0,0,"Code Name: S.T.E.A.M.","Nintendo","Intelligent Systems Co., Ltd.","09/23/2022","Sealed","25,27","25,32","44,15","44,15","50",?,10,?,No, 0%,""
"3DS","VideoGame",1,0,0,"Donkey Kong Country Returns 3D","Nintendo","Monster Games, Inc.","11/16/2021","CIB","73,27","100,3","146,79","100,3","-1.0",8,8,8,Yes,100%,""
"3DS","VideoGame",1,0,0,"Dragon Ball: Fusions","Bandai Namco Entertainment","Ganbarion","11/16/2021","CIB","273,42","395,95","432,3","395,95","-1.0",10,10,10,Yes,67%,""
"3DS","VideoGame",1,0,0,"Dragon Quest VIII: Journey of the Cursed King","Nintendo","Cygames","11/16/2021","Sealed","487,55","578,38","687,34","687,34","90",?,10,?,No, 0%,""
"3DS","VideoGame",1,0,0,"Ever Oasis","Nintendo","Grezzo","05/15/2022","Sealed","207,54","343,24","516,41","516,41","260,3",?,10,?,No, 0%,""
"3DS","VideoGame",1,0,0,"Fantasy Life","Nintendo","Level-5","11/16/2021","CIB","308,05","364,56","417,77","364,56","-1.0",8,8,8,No, 0%,""
"3DS","VideoGame",1,0,0,"Fire Emblem Echoes: Shadows of Valentia","Nintendo","Intelligent Systems Co., Ltd.","03/11/2023","Sealed","177,22","210,13","237,11","237,11","233,62",?,10,?,No, 0%,""
"3DS","VideoGame",1,0,0,"Fire Emblem Fates: Birthright","Nintendo","Intelligent Systems Co., Ltd.","02/28/2023","Sealed","232,91","287,9","429,22","429,22","285",?,10,?,No, 0%,""
"3DS","VideoGame",1,0,0,"Fire Emblem Fates: Conquest","Nintendo","Intelligent Systems Co., Ltd.","03/14/2023","Sealed","177,06","218,23","329,11","329,11","283",?,10,?,No, 0%,""
"3DS","VideoGame",1,0,0,"Fire Emblem: Awakening","Nintendo","Intelligent Systems Co., Ltd.","11/16/2021","Sealed","207,6","271,75","449,01","449,01","132",?,10,?,No, 0%,""
"3DS","VideoGame",1,0,0,"Fossil Fighters: Frontier","Spike Chunsoft","Red Entertainment Corporation","12/30/2021","Sealed","151,85","197,06","251,9","251,9","89",?,?,?,No, 0%,""
"3DS","VideoGame",1,0,0,"Harvest Moon 3D: The Tale of Two Towns","Natsume","Marvelous Interactive","11/16/2021","Sealed","75,7","110,43","156,91","156,91","95",?,10,?,No, 0%,""
"3DS","VideoGame",1,0,0,"Hometown Story","Natsume","Natsume","11/16/2021","CIB","47,95","58,18","81,11","58,18","-1.0",10,10,10,Yes,89%,""
"3DS","VideoGame",1,0,0,"Kid Icarus: Uprising","Nintendo","Project Sora","11/16/2021","Sealed","337,67","482,18","632,91","632,91","200",?,10,?,No, 0%,""
"3DS","VideoGame",1,0,0,"Kingdom Hearts 3D: Dream Drop Distance","Square Enix","Square Enix","11/16/2021","Sealed","90,89","132,66","302,68","302,68","180",?,10,?,No, 0%,""
"3DS","VideoGame",1,0,0,"Kirby: Triple Deluxe","Nintendo","HAL Laboratory","09/30/2022","Sealed","96,81","151,44","164,56","164,56","143",?,10,?,No, 0%,""
"3DS","VideoGame",1,0,0,"LBX: Little Battlers eXperience","Nintendo","Level-5","10/07/2022","Sealed","74,48","124,86","187,34","187,34","158",?,10,?,No, 0%,""
"3DS","VideoGame",1,0,0,"Luigi's Mansion","Nintendo","Grezzo","02/06/2023","Sealed","194,94","276,76","308,86","308,86","195",?,10,?,No, 0%,""
"3DS","VideoGame",1,0,0,"Luigi's Mansion: Dark Moon","Nintendo","Next Level Games","11/16/2021","CIB","79,65","107,65","166,94","107,65","100",8,8,8,No, 0%,""
"3DS","VideoGame",1,0,0,"Mario & Luigi: Dream Team","Nintendo","AlphaDream","03/25/2022","Sealed","108,56","151,65","214,58","214,58","150",?,10,?,No, 0%,""
"3DS","VideoGame",1,0,0,"Mario & Luigi: Paper Jam","Nintendo","Alphadream Corporation","02/18/2022","Sealed","202,79","303,8","304,41","304,41","190",?,10,?,No, 0%,""
"3DS","VideoGame",1,0,0,"Metal Gear Solid Snake Eater 3D","Konami","Kojima Productions (Konami)","03/31/2023","CIB","400,61","621,52","826,74","621,52","138",9,9,9,No, 0%,""
"3DS","VideoGame",1,0,0,"Metroid Prime: Federation Force","Nintendo","Next Level Games","11/16/2021","Sealed","318,94","448,25","673,42","673,42","45",?,10,?,No, 0%,""
"3DS","VideoGame",1,0,0,"Metroid: Samus Returns","Nintendo","Mercury Steam Entertainment S.L.","06/17/2022","CIB","195,09","204,86","253,11","204,86","241",10,10,10,Yes,51%,""
"3DS","VideoGame",1,0,0,"Persona Q2: New Cinema Labyrinth","null","Atlus","09/03/2022","Sealed","290,63","303,8","357,67","357,67","241",?,10,?,No, 0%,""
"3DS","VideoGame",1,0,0,"Persona Q: Shadow of the Labyrinth","Atlus Co., Ltd.","Atlus Co., Ltd.","07/14/2022","Sealed","177,16","196,56","227,75","227,75","200,25",?,10,?,No, 0%,""
"3DS","VideoGame",1,0,0,"Pokémon Alpha Sapphire","Nintendo","Game Freak","11/16/2021","CIB","188,51","223,19","389,87","223,19","132",8,8,8,Yes,100%,""
"3DS","VideoGame",1,0,0,"Pokémon Mystery Dungeon: Gates to Infinity","Nintendo","Nintendo","11/16/2021","CIB","173,01","311,75","465,82","311,75","110",8,8,8,No, 0%,""
"3DS","VideoGame",1,0,0,"Pokémon Ultra Moon","Nintendo","Game Freak","11/16/2021","Sealed","218,28","248,1","288,51","288,51","140",?,10,?,No, 0%,""
"3DS","VideoGame",1,0,0,"Pokémon Y","Nintendo","Game Freak","11/16/2021","CIB","156,91","188,86","303,8","188,86","130",10,10,10,Yes,100%,""
"3DS","VideoGame",1,0,0,"Project X Zone","Bandai Namco Entertainment","Bandai Namco Entertainment","11/16/2021","Sealed","267,65","377,22","482,08","482,08","108",?,10,?,No, 0%,""
"3DS","VideoGame",1,0,0,"Radiant Historia: Perfect Chronology","Atlus Co., Ltd.","Deep Silver","03/14/2023","Sealed","349,67","490,18","734,18","734,18","395",?,10,?,No, 0%,""
"3DS","VideoGame",1,0,0,"Shin Megami Tensei IV","Atlus Co., Ltd.","Atlus Co., Ltd.","01/02/2023","Sealed","202,53","278,48","323,29","323,29","217",?,10,?,No, 0%,""
"3DS","VideoGame",1,0,0,"Stella Glow","Atlus U.S.A., Inc.","Imageepoch","09/17/2022","Sealed","210,99","293,67","378,33","378,33","240",?,10,?,No, 0%,""
"3DS","VideoGame",1,0,0,"Story of Seasons","Marvelous","Marvelous","11/16/2021","Sealed","133,92","166,33","215,09","215,09","113",?,10,?,No, 0%,""
"3DS","VideoGame",1,0,0,"Super Mario 3D Land [Nintendo Selects]","Nintendo","Nintendo","11/16/2021","CIB","58,23","62,84","96,2","62,84","114",10,10,10,Yes,100%,""
"3DS","VideoGame",1,0,0,"Super Mario Maker for Nintendo 3DS [Nintendo Selects]","Nintendo","Nintendo","11/16/2021","Sealed","53,97","54,18","80,86","80,86","-1.0",?,10,?,No, 0%,""
"3DS","VideoGame",1,0,0,"Super Smash Bros. for Nintendo 3DS","Nintendo","Bandai Namco Entertainment","11/16/2021","CIB","50,58","65,77","155,8","65,77","132",8,8,8,No,50%,""
"3DS","VideoGame",1,0,0,"Tales of the Abyss","Bandai Namco Entertainment","Bandai Namco Entertainment","01/19/2022","CIB","229,98","269,22","346,53","269,22","190",9,9,9,No, 0%,""
"3DS","VideoGame",1,0,0,"Tenkai Knights: Brave Battle","Bandai Namco Entertainment","Bandai Namco Entertainment","11/16/2021","Sealed","23,75","43,14","53,16","53,16","-1.0",?,10,?,No, 0%,""
"3DS","VideoGame",1,0,0,"The Legend of Legacy Launch Edition","null","null","03/24/2023","CIB","171,29","195,75","303,8","195,75","114",9,9,9,No, 0%,""
"3DS","VideoGame",1,0,0,"The Legend of Zelda: A Link Between Worlds","Nintendo","Nintendo EAD","02/26/2023","CIB","105,77","139,75","356,86","139,75","-1.0",8,6,8,No, 0%,""
"3DS","VideoGame",1,0,0,"The Legend of Zelda: Majora's Mask 3D","Nintendo","Grezzo","11/16/2021","Sealed","126,58","161,98","202,53","202,53","225",?,10,?,No, 0%,""
"3DS","VideoGame",1,0,0,"The Legend of Zelda: Ocarina of Time 3D","Nintendo","Grezzo","03/30/2022","Sealed","110,38","146,94","164,56","164,56","205",?,10,?,Yes,81%,""
"3DS","VideoGame",1,0,0,"The Legend of Zelda: Tri Force Heroes","Nintendo","Nintendo","10/20/2022","Sealed","97,22","131,8","182,28","182,28","150",?,10,?,No, 0%,""
"3DS","VideoGame",1,0,0,"Yoshi's New Island","Nintendo","Arzest","03/31/2023","CIB","79,09","101,22","149,77","101,22","138",9,9,9,No, 0%,""
"Switch","VideoGame",1,0,0,"13 Sentinels: Aegis Rim","Sega","Vanillaware","12/30/2022","CIB","159,09","159,65","183,8","159,65","140",10,10,10,No, 0%,""
"Switch","VideoGame",1,0,0,"A Short Hike","Super Rare Games","Whippoorwill Limited","10/20/2022","Sealed","229,92","230,43","365,62","365,62","235",?,10,?,No, 0%,""
"Switch","VideoGame",1,0,0,"Arietta of Spirits","null","null","11/14/2022","Sealed","-1.0", "-1.0", "-1.0", "-1.0","384",?,10,?,No, 0%,"Red edition"
"Switch","VideoGame",1,0,0,"Astral Chain","Nintendo","PlatinumGames","04/11/2023","CIB","150,43","163,24","231,85","163,24","265",9,6,9,No,79%,""
"Switch","VideoGame",1,0,0,"Atelier Lulua: The Scion of Arland","Koei Tecmo","Gust","07/28/2022","Sealed","169,01","196,35","207,6","207,6","199",?,10,?,No, 0%,""
"Switch","VideoGame",1,0,0,"Atelier Ryza: Ever Darkness and the Secret Hideout","Koei Tecmo","Gust","02/16/2022","Sealed","192,25","225,17","270,94","270,94","254,41",?,10,?,No, 0%,""
"Switch","VideoGame",1,0,0,"Attack on Titan 2: Final Battle","Koei Tecmo","Koei Tecmo","02/06/2023","Sealed","384,81","582,28","759,5","759,5","310",?,10,?,No, 0%,""
"Switch","VideoGame",1,0,0,"Axiom Verge 1 & 2 Double Pack","Thomas Happ Games, LLC","Thomas Happ Games","10/07/2022","Sealed","248,66","303,8","337,92","337,92","266",?,10,?,No, 0%,""
"Switch","VideoGame",1,0,0,"Baldur's Gate and Baldur's Gate II: Enhanced Editions","null","Beamdog","12/02/2021","Sealed","202,53","209,52","273,42","273,42","190",?,10,?,No, 0%,""
"Switch","VideoGame",1,0,0,"Battle Axe","Numskull Games","Bitmap Bureau Ltd.","07/21/2022","CIB","104,3","123,34","151,65","123,34","175",10,10,10,Yes,50%,""
"Switch","VideoGame",1,0,0,"Bayonetta 2","Nintendo","PlatinumGames","11/16/2021","CIB","205,06","205,11","278,48","205,11","352",10,10,10,Yes,74%,""
"Switch","VideoGame",1,0,0,"Bayonetta 3 [Trinity Masquerade Edition]","Nintendo","PlatinumGames","02/17/2023","CIB+","261,57","311,8","377,22","311,8","650",10,10,10,No, 0%,""
"Switch","VideoGame",1,0,0,"Blasphemous [Deluxe Edition]","Team17 Software Limited","The Game Kitchen","04/11/2023","Sealed","-1.0", "-1.0", "-1.0", "-1.0","184,15",?,10,?,No, 0%,""
"Switch","VideoGame",1,0,0,"Bloodstained: Ritual of the Night","505 Games","null","11/16/2021","Sealed","78,48","83,04","103,14","103,14","168",?,?,?,No, 0%,""
"Switch","VideoGame",1,0,0,"Bravely Default II","Nintendo","Square Enix","04/11/2023","Sealed","94,43","107,49","122,94","122,94","219",?,10,?,No, 0%,""
"Switch","VideoGame",1,0,0,"Brigandine: The Legend of Runersia","null","Matrix Software","04/29/2022","Sealed","202,53","369,62","382,33","382,33","233,58",?,10,?,No, 0%,""
"Switch","VideoGame",1,0,0,"Cadence of Hyrule: Crypt of the NecroDancer featuring The Legend of Zelda","Nintendo","Brace Yourself Games","02/22/2022","Sealed","144,96","155,49","177,16","177,16","131",?,10,?,No, 0%,""
"Switch","VideoGame",1,0,0,"Captain Tsubasa: Rise of New Champions","Bandai Namco Entertainment","Bandai Namco Entertainment","12/02/2021","Sealed","77,16","77,22","91,65","91,65","186",?,10,?,No, 0%,""
"Switch","VideoGame",1,0,0,"Castlevania Anniversary Collection","Konami","M2","06/13/2022","Sealed","212,66","227,75","248,05","248,05","290,1",?,10,?,No, 0%,""
"Switch","VideoGame",1,0,0,"Chrono Cross: The Radical Dreamers Edition","Square Enix","Square Enix","07/26/2022","Sealed","164","202,53","227,49","227,49","220",?,10,?,No, 0%,""
"Switch","VideoGame",1,0,0,"Collection of Mana","Square Enix","Square Enix","11/16/2021","CIB","97,97","100,25","117,27","100,25","140",10,10,10,No, 0%,""
"Switch","VideoGame",1,0,0,"Contra Anniversary Collection","Limited Run Games","Konami","03/17/2023","Sealed","217,72","367,09","475,95","475,95","265",?,10,?,No, 0%,""
"Switch","VideoGame",1,0,0,"Cris Tales","Modus Games","Dreams Uncorporated","01/16/2022","Sealed","49,97","50,08","68,35","68,35","162",?,10,?,No, 0%,""
"Switch","VideoGame",1,0,0,"CrossCode","Deck13 Interactive GmbH","Radical Fish Games","11/16/2021","Sealed","131,6","150,68","219,7","219,7","190",?,?,?,No, 0%,""
"Switch","VideoGame",1,0,0,"Crypt of the NecroDancer","Brace Yourself Games","Brace Yourself Games","07/28/2022","CIB","102,79","118,23","131,6","118,23","149",10,10,10,Yes,50%,""
"Switch","VideoGame",1,0,0,"Crysis Remastered","Crytek GmbH","Saber Interactive","07/28/2022","Sealed","125,01","138,23","187,29","187,29","179",?,10,?,No, 0%,""
"Switch","VideoGame",1,0,0,"Daemon X Machina","Nintendo","Marvelous","11/16/2021","Sealed","151,85","201,47","249,27","249,27","195",?,?,?,No, 0%,""
"Switch","VideoGame",1,0,0,"Danganronpa Decadence","Spike Chunsoft","Spike Chunsoft Co., Ltd.","11/14/2022","Sealed","212,05","227,85","235,19","235,19","220",?,10,?,No, 0%,""
"Switch","VideoGame",1,0,0,"Dark Souls Remastered","Bandai Namco Entertainment","FromSoftware, Inc.","11/07/2022","Sealed","144,3","151,9","202,53","202,53","218",?,10,?,No, 0%,""
"Switch","VideoGame",1,0,0,"Dead Cells","Motion Twin","Motion Twin","11/16/2021","CIB","89,47","98,08","134,18","98,08","108",10,10,10,Yes,100%,""
"Switch","VideoGame",1,0,0,"Deadly Premonition 2: A Blessing in Disguise","Rising Star Games","Toybox","05/04/2022","Sealed","116,46","125,22","146,18","146,18","138,75",?,10,?,No, 0%,""
"Switch","VideoGame",1,0,0,"Deadly Premonition Origins","Ignition Entertainment Ltd.","Access Games","04/20/2022","Sealed","121,72","139,24","182,28","182,28","190",?,10,?,No, 0%,""
"Switch","VideoGame",1,0,0,"Diablo III: Eternal Collection","Blizzard Entertainment","Blizzard Entertainment","06/01/2022","Sealed","107,6","121,62","130,28","130,28","234",?,10,?,No, 0%,""
"Switch","VideoGame",1,0,0,"Digimon Story Cyber Sleuth: Complete Edition","Bandai Namco Entertainment","Media.Vision Entertainment Inc.","11/16/2021","CIB","81,32","87,24","101,22","87,24","250",10,10,10,Yes,100%,""
"Switch","VideoGame",1,0,0,"Digimon Survive","Bandai Namco Entertainment","Witch Craft","12/28/2022","Sealed","126,58","129,97","132,05","132,05","209",?,10,?,No, 0%,""
"Switch","VideoGame",1,0,0,"Disgaea 1 Complete","null","Nippon Ichi Software Inc.","11/16/2021","Sealed","121,52","135,54","167,39","167,39","170",?,10,?,No, 0%,""
"Switch","VideoGame",1,0,0,"Disgaea 4 Complete+","NIS America, Inc.","Nippon Ichi Software Inc.","04/11/2023","Sealed","122,94","164,05","231,7","231,7","293",?,10,?,No, 0%,""
"Switch","VideoGame",1,0,0,"Disgaea 5 Complete","NIS America, Inc.","Nippon Ichi Software Inc.","09/30/2022","Sealed","123,34","140,66","232,91","232,91","234",?,10,?,No, 0%,""
"Switch","VideoGame",1,0,0,"Doom Slayers Collection","Bethesda Softworks","Bethesda","12/23/2021","Sealed","124","151,85","212,56","212,56","251",?,10,?,No, 0%,""
"Switch","VideoGame",1,0,0,"Dragon Quest 1 2 3 Collection","Square Enix","Square Enix","03/21/2023","Sealed","170,13","195,65","202,53","202,53","217",?,10,?,No, 0%,""
"Switch","VideoGame",1,0,0,"Dragon Quest Builders","Nintendo","Square Enix","11/16/2021","CIB","220,25","345,92","416,41","345,92","240",10,10,10,Yes,100%,""
"Switch","VideoGame",1,0,0,"Dragon Quest Builders 2","Square Enix","Square Enix","11/16/2021","Sealed","146,79","151,85","203,29","203,29","250",?,10,?,No, 0%,""
"Switch","VideoGame",1,0,0,"Dragon Quest XI S: Echoes of an Elusive Age - Definitive Edition","Nintendo","Square Enix","11/16/2021","Sealed","177,22","197,32","236,96","236,96","300",?,10,?,No, 0%,""
"Switch","VideoGame",1,0,0,"Dragon's Dogma: Dark Arisen","Capcom","Capcom","11/16/2021","Sealed","91,14","94,13","129,11","129,11","180",?,10,?,No, 0%,""
"Switch","VideoGame",1,0,0,"Dreamscaper","null","null","01/17/2023","Sealed","175,85","202,53","263,34","263,34","289",?,10,?,No, 0%,""
"Switch","VideoGame",1,0,0,"Dying Light: Platinum Edition","Warner Bros. Interactive Entertainment","Techland Sp. z o.o","04/03/2023","Sealed","134,94","153,22","201,37","201,37","202",?,10,?,No, 0%,""
"Switch","VideoGame",1,0,0,"Eastward","Chucklefish Games","Chucklefish","09/30/2022","CIB","99,75","117,52","131,65","117,52","219",10,10,10,No, 0%,""
"Switch","VideoGame",1,0,0,"Ender Lilies: Quietus of the Knights","null","null","10/16/2022","CIB","171,39","197,47","252,91","197,47","278,5",10,10,10,No, 0%,""
"Switch","VideoGame",1,0,0,"Enter the Gungeon","Devolver Digital","Dodge Roll","10/04/2022","Sealed","170,58","187,09","330,18","330,18","155",?,10,?,No, 0%,""
"Switch","VideoGame",1,0,0,"Fallen Legion: Rise to Glory","NIS America, Inc.","YummyYummyTummy","11/16/2021","CIB","142,13","182,23","264","182,23","93",10,10,10,Yes,50%,""
"Switch","VideoGame",1,0,0,"Fatal Frame: Maiden of Black Water","Koei Tecmo","Koei Tecmo","01/04/2022","Sealed","178,94","216,3","253,01","253,01","307",?,10,?,No, 0%,""
"Switch","VideoGame",1,0,0,"Fate/Extella Link","Marvelous","null","02/15/2022","Sealed","127,44","147,04","366,58","366,58","224,91",?,10,?,No, 0%,""
"Switch","VideoGame",1,0,0,"Fate/Extella: The Umbral Star","XSEED Games","Marvelous","11/16/2021","CIB","134,99","151,85","237,92","151,85","150",10,10,10,No, 0%,""
"Switch","VideoGame",1,0,0,"FIFA 18","Electronic Arts","EA Vancouver and EA Romania","11/16/2021","CIB","64,56","69,57","161,62","69,57","-1.0",8,8,8,Yes,50%,""
"Switch","VideoGame",1,0,0,"Final Fantasy XII: The Zodiac Age","Square Enix","Square Enix","11/16/2021","Sealed","97,62","102,13","136,71","136,71","179",?,?,?,No, 0%,""
"Switch","VideoGame",1,0,0,"Fire Emblem Engage","Nintendo","Intelligent Systems","04/11/2023","Sealed","-1.0", "-1.0", "-1.0", "-1.0","261,26",?,10,?,No, 0%,""
"Switch","VideoGame",1,0,0,"Fire Emblem Warriors: Three Hopes","null","null","11/17/2022","CIB","126,53","126,58","147,9","126,58","228",10,10,10,No, 0%,""
"Switch","VideoGame",1,0,0,"Fire Emblem: Three Houses","Nintendo","Intelligent Systems","04/11/2023","Sealed","197,27","210,48","293,57","293,57","277,61",?,10,?,No, 0%,""
"Switch","VideoGame",1,0,0,"God Eater 3","Bandai Namco Entertainment","Bandai Namco Entertainment","11/16/2021","Sealed","97,37","101,22","146,13","146,13","245",?,10,?,No, 0%,""
"Switch","VideoGame",1,0,0,"Hades","Supergiant Games","Supergiant Games","11/16/2021","CIB","111,29","126,43","159,24","126,43","244",10,10,10,Yes,86%,""
"Switch","VideoGame",1,0,0,"Harvest Moon: Light of Hope SE - Complete","Natsume","Natsume","11/16/2021","CIB","75,95","84,41","126,58","84,41","-1.0",10,10,10,No, 0%,""
"Switch","VideoGame",1,0,0,"Harvest Moon: One World","Rising Star Games","Natsume","08/26/2022","Sealed","101,92","161,92","187,34","187,34","159",?,10,?,No, 0%,""
"Switch","VideoGame",1,0,0,"Heaven Dust Collection","Super Rare Games","null","03/01/2023","Sealed","-1.0", "-1.0", "-1.0", "-1.0","294",?,10,?,No, 0%,""
"Switch","VideoGame",1,0,0,"Heroland Knowble Edition","XSEED Games","Marvelous","03/30/2022","Sealed","78,43","90,18","95,19","95,19","111,22",?,10,?,No, 0%,""
"Switch","VideoGame",1,0,0,"Hollow Knight","Fangamer","Team Cherry","12/02/2021","CIB","151,85","151,85","187,34","151,85","250",10,10,10,Yes,89%,""
"Switch","VideoGame",1,0,0,"Horizon Chase Turbo","PM Studios","Aquiris Game Studio","02/18/2022","Sealed","135,14","182,79","202,53","202,53","140",?,10,?,No, 0%,""
"Switch","VideoGame",1,0,0,"Hyrule Warriors: Definitive Edition","Nintendo","Koei Tecmo","11/16/2021","CIB","212,66","272,76","319,24","272,76","185",10,10,10,Yes,50%,""
"Switch","VideoGame",1,0,0,"Immortals Fenyx Rising","Ubisoft","Ubisoft","09/03/2022","Sealed","57,06","65,82","79,75","79,75","105,99",?,10,?,No, 0%,""
"Switch","VideoGame",1,0,0,"Indivisible","505 Games","Lab Zero Games","05/12/2022","Sealed","31,75","73,42","108,81","108,81","130",?,10,?,No, 0%,""
"Switch","VideoGame",1,0,0,"Infernax","Limited Run Games","null","10/04/2022","Sealed","194,63","253,11","293,52","293,52","210",?,10,?,No, 0%,""
"Switch","VideoGame",1,0,0,"Katamari Damacy REROLL","Bandai Namco Entertainment","Bandai Namco Entertainment","08/24/2022","Sealed","58,38","69,87","88,91","88,91","139",?,10,?,No, 0%,""
"Switch","VideoGame",1,0,0,"Kingdoms of Amalur: Re-Reckoning","THQ Nordic","Kaiko","05/12/2022","Sealed","80,96","96,2","122,73","122,73","130",?,10,?,No, 0%,""
"Switch","VideoGame",1,0,0,"Kirby and the Forgotten Land","Nintendo","HAL Laboratory","04/11/2023","CIB","-1.0", "-1.0", "-1.0", "-1.0","238,74",10,10,10,No, 0%,""
"Switch","VideoGame",1,0,0,"L.A. Noire","Rockstar Games","Rockstar Games","11/16/2021","CIB","117,77","126,03","239,29","126,03","-1.0",10,10,10,No, 0%,""
"Switch","VideoGame",1,0,0,"Labyrinth of Refrain: Coven of Dusk","NIS America, Inc.","Nippon Ichi Software Inc.","11/20/2021","Sealed","252,81","421,06","546,84","546,84","175",?,10,?,No, 0%,""
"Switch","VideoGame",1,0,0,"Legend of Mana","Square Enix","Square Enix","04/17/2022","Sealed","184,25","227,8","258,68","258,68","246",?,10,?,No, 0%,""
"Switch","VideoGame",1,0,0,"LEGO City Undercover","WB Games","TT Games","06/16/2022","Sealed","81,01","87,6","104,05","104,05","151",?,10,?,No, 0%,""
"Switch","VideoGame",1,0,0,"Little Dragons Cafe","null","Aksys Games","11/16/2021","CIB","75,29","100,15","116","100,15","-1.0",10,9,10,Yes,75%,""
"Switch","VideoGame",1,0,0,"Little Town Hero","NIS America, Inc.","Game Freak","11/16/2021","Sealed","161,37","177,22","241,17","241,17","240",?,10,?,No, 0%,""
"Switch","VideoGame",1,0,0,"Live A Live","Square Enix","Square Enix","11/23/2022","CIB","155,14","177,22","200,76","177,22","219",10,10,10,No, 0%,""
"Switch","VideoGame",1,0,0,"Luigi's Mansion 3","Nintendo","Next Level Games","04/11/2023","Sealed","170,18","170,89","214,84","214,84","219,23",?,10,?,No, 0%,""
"Switch","VideoGame",1,0,0,"Maglam Lord","PQube","D3 Publisher Inc.","08/26/2022","Sealed","117,06","139,39","151,9","151,9","245",?,10,?,No, 0%,""
"Switch","VideoGame",1,0,0,"Mario + Rabbids: Kingdom Battle","Ubisoft","Ubisoft Milan","11/16/2021","CIB","55,75","65,72","99,44","65,72","-1.0",10,10,10,Yes,91%,""
"Switch","VideoGame",1,0,0,"Mario Party Superstars","Nintendo","NDCube","03/07/2023","Sealed","187,34","190,53","222,73","222,73","244,93",?,10,?,No, 0%,""
"Switch","VideoGame",1,0,0,"Mario Strikers: Battle League","Nintendo","Next Level Games","09/07/2022","CIB","167,09","172,35","197,42","172,35","197",10,10,10,No, 0%,""
"Switch","VideoGame",1,0,0,"MegaMan Legacy Collection 1 + 2","Capcom","Digital Eclipse Software, Inc.","11/16/2021","CIB","101,27","106,58","161,98","106,58","-1.0",10,10,10,Yes,100%,""
"Switch","VideoGame",1,0,0,"Mercenaries Saga Chronicles","Circle Entertainment","Ride On","11/16/2021","CIB","177,22","188,35","230,89","188,35","-1.0",10,10,10,No, 0%,""
"Switch","VideoGame",1,0,0,"Metroid Dread","Nintendo","Mercury Steam Entertainment S.L.","04/11/2023","Sealed","131,19","143,49","162,94","162,94","252",?,10,?,No, 0%,""
"Switch","VideoGame",1,0,0,"Metroid Prime Remastered","Nintendo","Iron Galaxy Studios","04/05/2023","Sealed","197,42","198,73","217,67","217,67","224,89",?,10,?,No, 0%,""
"Switch","VideoGame",1,0,0,"Monster Harvest","Merge Games","Merge Games","12/01/2021","Sealed","75,9","96,15","150,13","150,13","215",?,?,?,No, 0%,""
"Switch","VideoGame",1,0,0,"Monster Hunter Generations Ultimate","Capcom","Capcom","04/19/2022","Sealed","69,47","86,23","99,14","99,14","160",?,10,?,No, 0%,""
"Switch","VideoGame",1,0,0,"Monster Hunter Rise","Capcom","Capcom","05/16/2022","Sealed","72,41","96,25","116,3","116,3","249",?,10,?,No, 0%,""
"Switch","VideoGame",1,0,0,"Monster Hunter Stories 2: Wings of Ruin","Capcom USA, Inc.","Capcom","04/17/2022","Sealed","100,15","104,66","141,01","141,01","246",?,10,?,No, 0%,""
"Switch","VideoGame",1,0,0,"Moonlighter","11 bit studios","Digital Sun","11/16/2021","CIB","72,1","97,37","126,58","97,37","145",10,10,10,Yes,50%,""
"Switch","VideoGame",1,0,0,"Moving Out","Team17 Software Limited","SMG Studio","04/20/2022","CIB","67,14","128,66","136,66","128,66","190",10,10,10,No,5%,""
"Switch","VideoGame",1,0,0,"My Time At Portia","Team17 Software Limited","Pathea Games","11/16/2021","CIB","183,19","215,7","372,15","215,7","60",10,10,10,No, 0%,""
"Switch","VideoGame",1,0,0,"New Pokémon Snap","Nintendo","Bandai Namco Entertainment","02/23/2022","Sealed","135,65","146,68","151,9","151,9","239",?,?,?,No, 0%,""
"Switch","VideoGame",1,0,0,"Ni no Kuni: Wrath of the White Witch","Bandai Namco Entertainment","Level-5","11/16/2021","Sealed","78,43","81,52","114,58","114,58","170",?,10,?,No, 0%,""
"Switch","VideoGame",1,0,0,"NieR: Automata - The End of YoRHa Edition","Square Enix","PlatinumGames","01/17/2023","CIB","136,71","151,85","164,1","151,85","154",10,10,10,No, 0%,""
"Switch","VideoGame",1,0,0,"Nights of Azure 2: Bride of the New Moon","Nippon Ichi Software Inc.","Tecmo Koei","12/07/2021","Sealed","216,3","295,24","495,14","495,14","188",?,10,?,No, 0%,""
"Switch","VideoGame",1,0,0,"Ninja Gaiden: Master Collection","Nintendo","Koei Tecmo","08/10/2022","Sealed","151,8","190,94","250,13","250,13","175,23",?,10,?,No, 0%,""
"Switch","VideoGame",1,0,0,"Nintendo Switch Sports","Nintendo","Nintendo EPD","05/03/2022","CIB","146,84","151,44","181,52","151,44","300",10,10,10,No,10%,""
"Switch","VideoGame",1,0,0,"No More Heroes 1+2","Marvelous","Grasshopper Manufacture","09/19/2022","Sealed","-1.0", "-1.0", "-1.0", "-1.0","240",?,10,?,No, 0%,""
"Switch","VideoGame",1,0,0,"No More Heroes III","Grasshopper Manufacture inc.","Grasshopper Manufacture","12/23/2021","CIB","88,46","92,2","158,73","92,2","285",10,10,10,No, 0%,""
"Switch","VideoGame",1,0,0,"Octopath Traveler","Square Enix","Square Enix","12/30/2022","Sealed","219,7","308,86","507,04","507,04","195",?,10,?,No, 0%,""
"Switch","VideoGame",1,0,0,"Ori: The Collection","Microsoft Studios","Moon Studios","12/14/2021","Sealed","145,37","151,85","178,94","178,94","271,32",?,10,?,No, 0%,""
"Switch","VideoGame",1,0,0,"Paper Mario: The Origami King","Nintendo","Intelligent Systems","09/30/2022","Sealed","115,95","140,25","182,99","182,99","180",?,10,?,No, 0%,""
"Switch","VideoGame",1,0,0,"Persona 5 Royal","Sega","Atlus","12/28/2022","CIB","177,16","191,54","197,47","191,54","200",10,10,10,No, 0%,""
"Switch","VideoGame",1,0,0,"Persona 5 Strikers","Atlus Co., Ltd.","Omega Force","01/17/2023","Sealed","91,09","98,68","102,28","102,28","115",?,10,?,No, 0%,""
"Switch","VideoGame",1,0,0,"Pokémon Brilliant Diamond","Nintendo","ILCA","08/26/2022","CIB","159,9","217,72","283,54","217,72","194",10,10,10,Yes,67%,""
"Switch","VideoGame",1,0,0,"Pokémon Legends: Arceus","Nintendo","Game Freak","05/16/2022","CIB","177,22","187,75","212,61","187,75","249",10,10,10,No, 0%,""
"Switch","VideoGame",1,0,0,"Pokémon Scarlet & Violet Dual Pack","Nintendo","Game Freak","02/27/2023","Sealed","-1.0", "-1.0", "-1.0", "-1.0","895",?,10,?,No, 0%,""
"Switch","VideoGame",1,0,0,"Pokémon Sword","Nintendo","Game Freak","11/16/2021","CIB","146,63","156,96","227,6","156,96","290",10,10,10,Yes,100%,""
"Switch","VideoGame",1,0,0,"Pokémon: Let's Go, Eevee! + Poké Ball Plus Pack","Nintendo","Game Freak","11/16/2021","CIB","811,5","1.012,41","1.113,93","1.012,41","-1.0",6,8,6,Yes,100%,""
"Switch","VideoGame",1,0,0,"Portal Knights","505 Games","Keen Games","11/16/2021","CIB","78,43","80,96","141,57","80,96","100",10,10,10,Yes,100%,""
"Switch","VideoGame",1,0,0,"Record of Lodoss War: Deedlit in Wonder Labyrinth","Playism","null","01/02/2023","Sealed","126,08","144,96","191,04","191,04","138",?,10,?,No, 0%,""
"Switch","VideoGame",1,0,0,"Resident Evil: Revelations Collection","Capcom","Capcom","04/19/2022","Sealed","83,49","94,94","158,33","158,33","142",?,10,?,No, 0%,""
"Switch","VideoGame",1,0,0,"Ring Fit Adventure","Nintendo","Nintendo","11/16/2021","CIB","168,91","187,34","261,87","187,34","830",10,8,10,No,50%,""
"Switch","VideoGame",1,0,0,"Rune Factory 4 Special","XSEED Games","Marvelous Entertainment","11/16/2021","CIB","97,52","110,63","141,06","110,63","201",10,10,10,No, 0%,""
"Switch","VideoGame",1,0,0,"Saints Row: The Third - The Full Package","KOCH Media","Deep Silver","02/01/2022","Sealed","75,95","82,23","106,94","106,94","142",?,10,?,No, 0%,""
"Switch","VideoGame",1,0,0,"Sakuna: Of Rice and Ruin","XSEED Games","Edelweiss","01/20/2022","Sealed","97,47","101,22","120,2","120,2","225",?,10,?,No, 0%,""
"Switch","VideoGame",1,0,0,"Shantae: Half-Genie Hero - Ultimate Edition","XSEED Games","WayForward Technologies","01/02/2023","Sealed","-1.0", "-1.0", "-1.0", "-1.0","180",?,10,?,No, 0%,""
"Switch","VideoGame",1,0,0,"Shin Megami Tensei lll: Nocturne HD Remaster","Sega","Atlus","10/07/2022","Sealed","80,61","84,41","108,81","108,81","152",?,10,?,No, 0%,""
"Switch","VideoGame",1,0,0,"Shin Megami Tensei V","Sega","Atlus","09/03/2022","Sealed","120,25","124,05","139,24","139,24","219",?,10,?,No, 0%,""
"Switch","VideoGame",1,0,0,"Shining Resonance Refrain","Sega","Sega","12/30/2022","Sealed","108,81","160,56","227,29","227,29","160",?,10,?,No, 0%,""
"Switch","VideoGame",1,0,0,"Shovel Knight: Treasure Trove","Yacht Club Games","Yacht Club Games","11/15/2022","Sealed","135,95","150,79","177,22","177,22","179,99",?,10,?,No, 0%,""
"Switch","VideoGame",1,0,0,"Skul: The Hero Slayer","Neowiz Games","null","06/26/2022","Sealed","118,89","136,71","150,03","150,03","164",?,10,?,No, 0%,""
"Switch","VideoGame",1,0,0,"Souldiers","Pix'n Love","null","03/02/2023","Sealed","-1.0", "-1.0", "-1.0", "-1.0","258",?,10,?,No, 0%,""
"Switch","VideoGame",1,0,0,"Source of Madness","Super Rare Games","null","03/09/2023","Sealed","204,3","220,61","395,29","395,29","287,22",?,10,?,No, 0%,""
"Switch","VideoGame",1,0,0,"Stardew Valley","Fangamer","ConcernedApe","06/16/2022","Sealed","140,35","151,85","172","172","177",?,?,?,No, 0%,""
"Switch","VideoGame",1,0,0,"SteamWorld Dig 2","Image & Form","Image & Form Games","11/16/2021","CIB","128,91","197,47","265,77","197,47","92",10,10,10,No, 0%,""
"Switch","VideoGame",1,0,0,"Super Dragon Ball Heroes: World Mission","Bandai Namco Entertainment","Bandai Namco Entertainment","01/05/2022","Sealed","105,32","122,13","347,8","347,8","146",?,10,?,No, 0%,""
"Switch","VideoGame",1,0,0,"Super Mario 3D All-Stars","Nintendo","Nintendo","11/16/2021","Sealed","313,92","334,18","410,13","410,13","300",?,10,?,No, 0%,""
"Switch","VideoGame",1,0,0,"Super Mario 3D World + Bowser's Fury","Nintendo","Nintendo","03/07/2023","Sealed","190,28","197,57","228,51","228,51","244,93",?,10,?,No, 0%,""
"Switch","VideoGame",1,0,0,"Super Mario Odyssey","Nintendo","Nintendo","11/16/2021","CIB","161,98","171,7","216,71","171,7","225",10,10,10,Yes,100%,""
"Switch","VideoGame",1,0,0,"Super Mario Party","Nintendo","Nintendo","11/16/2021","CIB","159,49","167,09","194,68","167,09","300",10,10,10,No,33%,""
"Switch","VideoGame",1,0,0,"Super Neptunia RPG","Idea Factory","Compile Heart","03/25/2022","Sealed","145,92","194,28","261,42","261,42","150",?,10,?,No, 0%,""
"Switch","VideoGame",1,0,0,"Sword Art Online FATAL BULLET Complete Edition","Bandai Namco Entertainment","Dimps Corporation","07/16/2022","Sealed","92,2","93,32","184,35","184,35","159",?,10,?,No, 0%,""
"Switch","VideoGame",1,0,0,"Tactics Ogre: Reborn","Square Enix","Square Enix","12/15/2022","CIB","141,52","177,22","209,87","177,22","257",10,10,10,No, 0%,""
"Switch","VideoGame",1,0,0,"Tales of Symphonia Remastered","Bandai Namco Entertainment","Bandai Namco Entertainment","04/04/2023","Sealed","177,16","187,6","202,48","202,48","276",?,10,?,No, 0%,""
"Switch","VideoGame",1,0,0,"Tales of Vesperia: Definitive Edition","Bandai Namco Entertainment","Bandai Namco Entertainment","11/16/2021","CIB","100,91","113,97","126,58","113,97","-1.0",10,10,10,No, 0%,""
"Switch","VideoGame",1,0,0,"The Diofield Chronicle","Square Enix","Square Enix","01/19/2023","CIB","171,39","177,22","222,79","177,22","233,28",10,10,10,No, 0%,""
"Switch","VideoGame",1,0,0,"The Elder Scrolls V: Skyrim","Bethesda Softworks","Bethesda Game Studios","11/28/2021","Sealed","166,13","172,1","199,9","199,9","235",?,10,?,No, 0%,""
"Switch","VideoGame",1,0,0,"The Legend of Heroes: Trails from Zero [Deluxe Edition]","NIS America, Inc.","Nihon Falcom Corp.","02/06/2023","CIB","202,53","286,08","316,86","286,08","250",10,10,10,No, 0%,""
"Switch","VideoGame",1,0,0,"The Legend of Heroes: Trails of Cold Steel III - Extracurricular Edition","NIS America, Inc.","Nihon Falcom Corp.","03/25/2022","Sealed","211,34","243,04","275,7","275,7","290",?,10,?,No, 0%,""
"Switch","VideoGame",1,0,0,"The Legend of Heroes: Trails of Cold Steel IV Frontline Edition","NIS America, Inc.","null","01/20/2022","Sealed","-1.0", "-1.0", "-1.0", "-1.0","292",?,10,?,No, 0%,""
"Switch","VideoGame",1,0,0,"The Legend of Zelda: Breath of the Wild","Nintendo","Nintendo","11/16/2021","CIB","172,05","177,42","213,32","177,42","-1.0",10,10,10,Yes,75%,""
"Switch","VideoGame",1,0,0,"The Legend of Zelda: Link's Awakening","Nintendo","Grezzo","11/16/2021","CIB","171,85","177,06","217,67","177,06","280",10,10,10,Yes,89%,""
"Switch","VideoGame",1,0,0,"The Legend of Zelda: Skyward Sword HD","Nintendo","Nintendo","11/16/2021","CIB","170,03","186,18","222,53","186,18","325",10,10,10,Yes,100%,""
"Switch","VideoGame",1,0,0,"The Outer Worlds","Private Division","Obsidian Entertainment","08/12/2022","Sealed","75,95","84,76","99,34","99,34","131",?,10,?,No, 0%,""
"Switch","VideoGame",1,0,0,"The Touryst","Shin'en Multimedia","Shin'en Multimedia","10/27/2022","Sealed","211,49","241,77","319,09","319,09","300",?,10,?,No, 0%,""
"Switch","VideoGame",1,0,0,"The Wonderful 101: Remastered","P&P Marketing","PlatinumGames","11/16/2021","Sealed","65,77","72,05","101,22","101,22","164",?,10,?,No, 0%,""
"Switch","VideoGame",1,0,0,"Titan Quest","THQ Nordic","THQ Nordic","04/19/2022","Sealed","86,03","108","125,37","125,37","155",?,10,?,No, 0%,""
"Switch","VideoGame",1,0,0,"Tokyo Mirage Sessions #FE Encore","Nintendo","Atlus","11/01/2022","Sealed","181,72","192,35","260,76","260,76","150",?,10,?,No, 0%,""
"Switch","VideoGame",1,0,0,"Travis Strikes Again: No More Heroes","Grasshopper Manufacture inc.","Grasshopper Manufacture","07/06/2022","CIB","128,1","197,47","283,85","197,47","168",10,10,10,No, 0%,""
"Switch","VideoGame",1,0,0,"Triangle Strategy","Square Enix","Square Enix","12/16/2022","CIB","152,25","156,05","190,89","156,05","230",10,10,10,No, 0%,""
"Switch","VideoGame",1,0,0,"Trine: Ultimate Collection","Modus Games","Frozenbyte, Inc.","09/17/2022","Sealed","99,24","100,05","152,3","152,3","170",?,10,?,No, 0%,""
"Switch","VideoGame",1,0,0,"Two Point Campus [Enrollment Edition]","Sega","Two Point Studios","01/17/2023","CIB","89,06","118,13","177,16","118,13","115",10,10,10,No, 0%,""
"Switch","VideoGame",1,0,0,"Two Point Hospital","Sega","null","11/16/2021","Sealed","101,22","112","151,85","151,85","180",?,10,?,No, 0%,""
"Switch","VideoGame",1,0,0,"UnderMine","null","null","03/14/2023","Sealed","202,23","232,81","303,75","303,75","275",?,10,?,No, 0%,""
"Switch","VideoGame",1,0,0,"Unrailed! (SRG#49)","Daedalic Entertainment","null","08/24/2022","Sealed","182,43","210,48","273,42","273,42","255",?,10,?,No, 0%,""
"Switch","VideoGame",1,0,0,"Valkyria Chronicles 4","Sega","Sega","11/16/2021","CIB","121,37","143,8","411,65","143,8","209",10,10,10,No, 0%,""
"Switch","VideoGame",1,0,0,"Wallachia Reign of Dracula","null","null","11/16/2021","CIB","253,17","258,18","346,89","258,18","200",10,10,10,Yes,66%,""
"Switch","VideoGame",1,0,0,"Wargroove","Chucklefish Games","Chucklefish","11/16/2021","CIB","159,24","187,9","188,3","187,9","196",10,10,10,Yes,100%,""
"Switch","VideoGame",1,0,0,"Xenoblade Chronicles 2","Nintendo","Monolith Software, Inc.","11/16/2021","CIB","223,7","257,62","334,18","257,62","350",10,10,10,Yes,68%,""
"Switch","VideoGame",1,0,0,"Xenoblade Chronicles 2: Torna the Golden Country","Nintendo","Monolith Soft","09/17/2022","CIB","227,85","255,14","291,8","255,14","240",10,10,10,Yes,67%,""
"Switch","VideoGame",1,0,0,"Xenoblade Chronicles 3","Nintendo","Monolith Software, Inc.","11/25/2022","CIB","191,85","193,82","220,15","193,82","246",10,10,10,No, 0%,""
"Switch","VideoGame",1,0,0,"Xenoblade Chronicles: Definitive Edition","Nintendo","Monolith Soft","11/16/2021","Sealed","182,28","183,54","226,33","226,33","330",?,10,?,Yes,80%,""
"Switch","VideoGame",1,0,0,"Ys IX Monstrum Nox - Pact Edition","NIS America, Inc.","Nihon Falcom Corp.","07/28/2022","Sealed","195,75","202,48","253,06","253,06","299",?,10,?,No, 0%,""
"Switch","VideoGame",1,0,0,"Ys Origin","Limited Run Games","Nihon Falcom Corp.","05/03/2022","Sealed","151,9","164,66","212,66","212,66","181",?,10,?,No, 0%,""
"Switch","VideoGame",1,0,0,"Ys VIII: Lacrimosa of DANA","NIS America, Inc.","Falcom","01/16/2022","Sealed","286,84","321,52","360,25","360,25","292",?,10,?,No, 0%,""
"Switch","VideoGame",1,0,0,"Zombies Ate My Neighbors and Ghoul Patrol","Limited Run Games","null","10/07/2022","Sealed","208,3","217,67","283,49","283,49","190",?,10,?,No, 0%,""
"PS Vita","VideoGame",1,0,0,"Aegis of Earth: Protonovus Assault","Aksys Games","ACQUIRE","12/13/2022","Sealed","71,44","110,89","161,06","161,06","149",?,10,?,No, 0%,""
"PS Vita","VideoGame",1,0,0,"Akiba's Trip: Undead & Undressed","XSEED Games","ACQUIRE","11/28/2021","CIB","124","188,61","242,48","188,61","165",10,10,10,Yes,40%,""
"PS Vita","VideoGame",1,0,0,"Army Corps of Hell","Square Enix","Entersphere","01/15/2023","Sealed","76,91","86,08","130,99","130,99","110",?,9,?,No, 0%,""
"PS Vita","VideoGame",1,0,0,"Batman: Arkham Origins Blackgate","Warner Bros. Interactive Entertainment","Armature Studio","06/20/2022","Sealed","106,18","118,23","171,54","171,54","115",?,10,?,No, 0%,""
"PS Vita","VideoGame",1,0,0,"Conception II: Children of the Seven Stars","Atlus Co., Ltd.","Spike Chunsoft Co., Ltd.","10/14/2022","Sealed","126,53","152,41","278,33","278,33","160",?,10,?,No, 0%,""
"PS Vita","VideoGame",1,0,0,"Deception IV: Blood Ties","Koei Tecmo","Koei Tecmo","02/25/2022","Sealed","111,34","121,52","224,51","224,51","109,9",?,10,?,No, 0%,""
"PS Vita","VideoGame",1,0,0,"Digimon World: Next Order","Bandai Namco Entertainment","B.B. Studio","11/16/2021","CIB","79,49","94,28","121,52","94,28","174",10,10,10,Yes,100%,""
"PS Vita","VideoGame",1,0,0,"Disgaea 3: Absence of Detention","Nippon Ichi Software Inc.","NIS","08/22/2022","Sealed","127,24","151,65","209,52","209,52","135",?,10,?,No, 0%,""
"PS Vita","VideoGame",1,0,0,"Dragon's Crown","Atlus Co., Ltd.","Vanillaware","02/22/2022","CIB","85,11","158,94","206,33","158,94","130",9,9,9,Yes,34%,""
"PS Vita","VideoGame",1,0,0,"Dungeon Hunter: Alliance","null","null","11/16/2021","CIB","66,48","76,1","113,01","76,1","80",8,8,8,Yes,34%,""
"PS Vita","VideoGame",1,0,0,"Dynasty Warriors: Next","Koei Tecmo","Omega Force","01/26/2022","Sealed","89,06","103,09","194,48","194,48","117",?,10,?,No, 0%,""
"PS Vita","VideoGame",1,0,0,"Exist Archive: The Other Side of The Sky","Aksys Games","Spike Chunsoft Co., Ltd.","02/22/2022","Sealed","97,27","97,87","151,85","151,85","140",?,10,?,No, 0%,""
"PS Vita","VideoGame",1,0,0,"Final Fantasy X / X-2 HD Remaster","Square Enix","Square Enix","01/12/2022","CIB","94,58","120,41","325,87","120,41","102",10,10,10,No, 0%,""
"PS Vita","VideoGame",1,0,0,"Freedom Wars","SCEI","Sony Japan Studio","06/30/2022","Sealed","62,13","89,72","131,6","131,6","185",?,10,?,No, 0%,""
"PS Vita","VideoGame",1,0,0,"God of War Collection","Sony","Sony","02/27/2023","Boxed","264,71","267,8","551,9","305,57","187",10,10,?,No, 0%,""
"PS Vita","VideoGame",1,0,0,"God Wars: Future Past","Nippon Ichi Software Inc.","Kadokawa Games","01/12/2022","CIB","82,13","99,49","126,53","99,49","102",10,10,9,No, 0%,""
"PS Vita","VideoGame",1,0,0,"Grand Kingdom","NIS America, Inc.","Spike Chunsoft Co., Ltd.","04/02/2022","Sealed","151,85","173,42","278,48","278,48","210",?,10,?,No, 0%,""
"PS Vita","VideoGame",1,0,0,"Gravity Rush","Sony Computer Entertainment America","Sony Japan Studio","11/16/2021","Sealed","176,81","200,35","452,3","452,3","71",?,10,?,No, 0%,""
"PS Vita","VideoGame",1,0,0,"Killzone: Mercenary","Sony Computer Entertainment","Guerrilla Cambridge","11/16/2021","CIB","151,49","160,51","278,43","160,51","90",8,8,8,Yes,50%,""
"PS Vita","VideoGame",1,0,0,"Metal Gear Solid HD Collection","Konami","Kojima Productions (Konami)","01/12/2022","CIB","229,77","263,29","345,62","263,29","102",10,10,10,No, 0%,""
"PS Vita","VideoGame",1,0,0,"Mortal Kombat","WB Games","NetherRealm Studios","11/16/2021","CIB","131,65","151,85","274,48","151,85","-1.0",8,8,8,Yes,50%,""
"PS Vita","VideoGame",1,0,0,"Muramasa Rebirth","Aksys Games","Vanillaware","02/27/2023","Boxed","234,53","346,74","439,95","275,04","187",9,9,?,No, 0%,""
"PS Vita","VideoGame",1,0,0,"Natural Doctrine","NIS America, Inc.","Kadokawa Games","06/30/2022","Sealed","152,56","166,43","260,46","260,46","117",?,5,?,No, 0%,""
"PS Vita","VideoGame",1,0,0,"Need for Speed: Most Wanted - A Criterion Game","EA Games","Criterion Games","06/30/2022","Sealed","105,62","129,87","210,13","210,13","135",?,10,?,No, 0%,""
"PS Vita","VideoGame",1,0,0,"Persona 4 Golden","Atlus Co., Ltd.","Atlus Co., Ltd.","11/16/2021","Sealed","157,62","197,37","379,75","379,75","-1.0",?,10,?,No, 0%,""
"PS Vita","VideoGame",1,0,0,"PlayStation All-Stars Battle Royale","Sony Computer Entertainment America","Superbot Entertainment","03/23/2022","Sealed","81,22","88,61","189,87","189,87","90",?,10,?,No, 0%,""
"PS Vita","VideoGame",1,0,0,"Ragnarok Odyssey","XSEED Games","Game Arts","11/16/2021","Sealed","83,9","85,77","245,62","245,62","135",?,10,?,No, 0%,""
"PS Vita","VideoGame",1,0,0,"Shiren the Wanderer: The Tower of Fortune and the Dice of Fate Eternal Wanderer Edition","Aksys Games","Chunsoft","10/24/2022","Sealed","182,84","219,39","221,01","221,01","199",?,9,?,No, 0%,""
"PS Vita","VideoGame",1,0,0,"Sorcery Saga: The Curse of the Great Curry God","Aksys Games","Compile Heart, Inc.","11/16/2021","Sealed","202,53","253,11","254,58","254,58","159",?,10,?,No, 0%,""
"PS Vita","VideoGame",1,0,0,"Soul Sacrifice","Sony Computer Entertainment","SCE Studios Japan","11/16/2021","Sealed","82,79","113,97","193,87","193,87","178",?,10,?,No, 0%,""
"PS Vita","VideoGame",1,0,0,"The Legend of Heroes: Trails of Cold Steel","XSEED Games","XSEED","01/12/2022","CIB","174,48","241,27","301,11","241,27","204",10,10,9,No, 0%,""
"PS Vita","VideoGame",1,0,0,"The Legend of Heroes: Trails of Cold Steel II","XSEED Games","Falcom","03/25/2022","Sealed","293,87","324,25","421,52","421,52","326,64",?,10,?,No, 0%,""
"PS Vita","VideoGame",1,0,0,"Toukiden: The Age of Demons","Koei Tecmo","Omega Force","11/16/2021","Sealed","75,8","113,97","211,65","211,65","-1.0",?,10,?,No, 0%,""
"PS Vita","VideoGame",1,0,0,"Trillion: God of Destruction","Idea Factory","Compile Heart, Inc.","11/16/2021","Sealed","93,06","140,81","202,53","202,53","177",?,10,?,No, 0%,""
"PS Vita","VideoGame",1,0,0,"Uncharted: Golden Abyss","Sony Computer Entertainment America","Sony Bend Studio","11/16/2021","Sealed","139,24","157,06","324,36","324,36","123",?,10,?,No, 0%,""
"PS Vita","VideoGame",1,0,0,"Unit 13","Sony Computer Entertainment America","Zipper Interactive","08/24/2022","CIB","80,35","97,77","177,22","97,77","83",8,8,8,No, 0%,""
"PS Vita","VideoGame",1,0,0,"World of Final Fantasy","Square Enix","Square Enix","11/16/2021","CIB","78,84","105,57","174,58","105,57","-1.0",10,10,10,No, 0%,""
"PS Vita","VideoGame",1,0,0,"Ys: Memories of Celceta","XSEED Games","Falcom","05/20/2022","Loose","126,58","173,42","274,84","126,58","110",10,?,?,No, 0%,""
